{
  "properties": {
    "connectionReferences": {
      "shared_sharepointonline": {
        "api": {
          "name": "shared_sharepointonline"
        },
        "connection": {
          "connectionReferenceLogicalName": "cr640_skillsAgent.cr.jJTyvWPv"
        },
        "runtimeSource": "invoker"
      }
    },
    "definition": {
      "$schema": "https://schema.management.azure.com/providers/Microsoft.Logic/schemas/2016-06-01/workflowdefinition.json#",
      "contentVersion": "1.0.0.0",
      "parameters": {
        "$authentication": {
          "defaultValue": {},
          "type": "SecureObject"
        },
        "$connections": {
          "defaultValue": {},
          "type": "Object"
        }
      },
      "triggers": {
        "manual": {
          "type": "Request",
          "kind": "Skills",
          "inputs": {
            "schema": {
              "type": "object",
              "properties": {
                "text": {
                  "description": "skillToImprove",
                  "title": "Text",
                  "type": "string",
                  "x-ms-content-hint": "TEXT",
                  "x-ms-dynamically-added": true
                }
              },
              "required": [
                "text"
              ]
            }
          },
          "metadata": {
            "operationMetadataId": "b8f61c18-7224-4f8a-9c5f-72fbce5df764"
          }
        }
      },
      "actions": {
        "Respond_to_the_agent": {
          "type": "Response",
          "kind": "Skills",
          "inputs": {
            "schema": {
              "type": "object",
              "properties": {
                "resultstable": {
                  "title": "ResultsTable",
                  "description": "",
                  "type": "string",
                  "x-ms-content-hint": "TEXT",
                  "x-ms-dynamically-added": true
                }
              },
              "additionalProperties": {}
            },
            "statusCode": 200,
            "body": {
              "resultstable": "@{outputs('Build_the_card_Payload')}"
            }
          },
          "runAfter": {
            "Build_the_card_Payload": [
              "Succeeded"
            ]
          },
          "metadata": {
            "operationMetadataId": "81c94f73-dd52-465c-ad3b-a4686da63cc3"
          }
        },
        "Get_curated_material_items": {
          "type": "OpenApiConnection",
          "inputs": {
            "parameters": {
              "dataset": "https://microsofteur.sharepoint.com/teams/ISDTeamSupport",
              "table": "a8ac104c-cc3b-4c98-9014-4375967fd454",
              "$filter": "Area eq '@{triggerBody()?['text']}'",
              "$top": 10
            },
            "host": {
              "apiId": "/providers/Microsoft.PowerApps/apis/shared_sharepointonline",
              "operationId": "GetItems",
              "connectionName": "shared_sharepointonline"
            }
          },
          "runAfter": {
            "Initialize_table": [
              "Succeeded"
            ],
            "Initialize_Area": [
              "Succeeded"
            ],
            "Initialize_adaptiveCardPayloadTemp": [
              "Succeeded"
            ],
            "Initialize_adaptiveCardPayload": [
              "Succeeded"
            ]
          }
        },
        "Initialize_table": {
          "type": "InitializeVariable",
          "inputs": {
            "variables": [
              {
                "name": "aResultsTable",
                "type": "array"
              }
            ]
          },
          "runAfter": {}
        },
        "For_each_item": {
          "type": "Foreach",
          "foreach": "@outputs('Get_curated_material_items')?['body/value']",
          "actions": {
            "Append_to_aResultsTable": {
              "type": "AppendToArrayVariable",
              "inputs": {
                "name": "aResultsTable",
                "value": "@variables('rowBuilder')"
              },
              "runAfter": {
                "Compose_Row_Data": [
                  "Succeeded"
                ]
              }
            },
            "For_each_Area": {
              "type": "Foreach",
              "foreach": "@items('For_each_item')?['Area']",
              "actions": {
                "Append_to_string_variable": {
                  "type": "AppendToStringVariable",
                  "inputs": {
                    "name": "sArea",
                    "value": "@{items('For_each_Area')?['Value']},"
                  }
                }
              }
            },
            "Compose_Row_Data": {
              "type": "Compose",
              "description": "As html",
              "inputs": {
                "Title": "@{items('For_each_item')?['Title']}",
                "Area": "@{substring(variables('sArea'), 0, sub(length(variables('sArea')), 1))}",
                "Source": "@{items('For_each_item')?['Source/Value']}",
                "Url": "@{items('For_each_item')?['UrlToContent']}",
                "Duration": "@{items('For_each_item')?['Duration']}"
              },
              "runAfter": {
                "Append_to_string_variable_2": [
                  "Succeeded"
                ]
              }
            },
            "Reset_sArea": {
              "type": "SetVariable",
              "inputs": {
                "name": "sArea",
                "value": "@null"
              },
              "runAfter": {
                "Append_to_aResultsTable": [
                  "Succeeded"
                ]
              }
            },
            "Set_variable": {
              "type": "SetVariable",
              "inputs": {
                "name": "rowBuilderTemp",
                "value": "{\"type\": \"TextBlock\",\"text\": \"**1. @{items('For_each_item')?['Title']}**\",\"wrap\": true,\"weight\": \"Bolder\",\"size\": \"Medium\",\"spacing\": \"Small\"},{\"type\": \"TextBlock\",\"text\": \"🧠 @{substring(variables('sArea'), 0, sub(length(variables('sArea')), 1))} ⏱️ @{items('For_each_item')?['Duration']} 🎬 @{items('For_each_item')?['Source/Value']}\",\"wrap\": true,\"spacing\": \"None\"},{\"type\": \"ActionSet\",\"actions\": [{\"type\": \"Action.OpenUrl\",\"title\": \"▶️ Watch\",\"url\": \"@{items('For_each_item')?['Url']}\"}\"}]}"
              },
              "runAfter": {
                "For_each_Area": [
                  "Succeeded"
                ]
              }
            },
            "Append_to_string_variable_2": {
              "type": "AppendToStringVariable",
              "inputs": {
                "name": "rowBuilder",
                "value": "@variables('rowBuilderTemp')"
              },
              "runAfter": {
                "Set_variable": [
                  "Succeeded"
                ]
              }
            }
          },
          "runAfter": {
            "Get_curated_material_items": [
              "Succeeded"
            ]
          }
        },
        "Initialize_Area": {
          "type": "InitializeVariable",
          "inputs": {
            "variables": [
              {
                "name": "sArea",
                "type": "string"
              }
            ]
          },
          "runAfter": {}
        },
        "Initialize_rowBuilder": {
          "type": "InitializeVariable",
          "inputs": {
            "variables": [
              {
                "name": "rowBuilder",
                "type": "string"
              }
            ]
          },
          "runAfter": {}
        },
        "Trim_off_the_last_character": {
          "type": "Compose",
          "inputs": "@substring(variables('rowBuilder'), 0, sub(length(variables('rowBuilder')), 1))",
          "runAfter": {
            "For_each_item": [
              "Succeeded"
            ]
          }
        },
        "Initialize_adaptiveCardPayload": {
          "type": "InitializeVariable",
          "inputs": {
            "variables": [
              {
                "name": "adaptiveCardPayload",
                "type": "string",
                "value": "{\n  \"type\": \"AdaptiveCard\",\n  \"version\": \"1.4\",\n  \"body\": [\n    {\n      \"type\": \"TextBlock\",\n      \"text\": \"📚 Learning Resources\",\n      \"weight\": \"Bolder\",\n      \"size\": \"Medium\"\n    },\n    //CARDPAYLOAD\n  ],\n  \"$schema\": \"http://adaptivecards.io/schemas/adaptive-card.json\"\n}\n"
              }
            ]
          },
          "runAfter": {}
        },
        "Initialize_adaptiveCardPayloadTemp": {
          "type": "InitializeVariable",
          "inputs": {
            "variables": [
              {
                "name": "rowBuilderTemp",
                "type": "string",
                "value": "        {\n          \"type\": \"TextBlock\",\n          \"text\": \"**1. ${rowTitle}**\",\n          \"wrap\": true,\n          \"weight\": \"Bolder\",\n          \"size\": \"Medium\",\n          \"spacing\": \"Small\"\n        },\n        {\n          \"type\": \"TextBlock\",\n          \"text\": \"🧠 ${rowArea}   ⏱️ ${rowDuration}   🎬 ${rowSource}\",\n          \"wrap\": true,\n          \"spacing\": \"None\"\n        },\n        {\n          \"type\": \"ActionSet\",\n          \"actions\": [\n            {\n              \"type\": \"Action.OpenUrl\",\n              \"title\": \"▶️ Watch\",\n              \"url\": \"${rowUrl}\"\n            }\n          ]\n        },"
              }
            ]
          },
          "runAfter": {
            "Initialize_rowBuilder": [
              "Succeeded"
            ]
          }
        },
        "Build_the_card_Payload": {
          "type": "Compose",
          "inputs": "@replace(variables('adaptiveCardPayload'), '//CARDPAYLOAD', variables('rowBuilder'))",
          "runAfter": {
            "Trim_off_the_last_character": [
              "Succeeded"
            ]
          }
        }
      },
      "outputs": {},
      "description": "When an agent calls the flow and send back a response."
    },
    "templateName": null
  },
  "schemaVersion": "1.0.0.0"
}