<customapi uniquename="msdyn_aibdptompt190920252347400d78d232a5424e9583dd47ebc505b990">
  <allowedcustomprocessingsteptype>0</allowedcustomprocessingsteptype>
  <bindingtype>0</bindingtype>
  <description default="Custom for AI model 0d78d232-a542-4e95-83dd-47ebc505b990">
    <label description="Custom for AI model 0d78d232-a542-4e95-83dd-47ebc505b990" languagecode="1033" />
  </description>
  <displayname default="Custom prompt 19/09/2025, 23:47:40">
    <label description="Custom prompt 19/09/2025, 23:47:40" languagecode="1033" />
  </displayname>
  <iscustomizable>0</iscustomizable>
  <isfunction>0</isfunction>
  <isprivate>0</isprivate>
  <name>Custom prompt 19/09/2025, 23:47:40</name>
  <plugintypeid>
    <plugintypeexportkey>727e8789-bd29-46fa-b00a-3a49605eeb06</plugintypeexportkey>
  </plugintypeid>
  <workflowsdkstepenabled>0</workflowsdkstepenabled>
</customapi>