<botcomponent_msdyn_aimodelset>
  <botcomponent_msdyn_aimodel botcomponentid.schemaname="cr640_skillsAgent.topic.SOWSkills" msdyn_aimodelid.msdyn_aimodelid="1d9f1b60-ac1b-42a7-a486-d7b0b96ee3ec">
    <iscustomizable>1</iscustomizable>
  </botcomponent_msdyn_aimodel>
  <botcomponent_msdyn_aimodel botcomponentid.schemaname="cr640_skillsAgent.topic.SOWSkills" msdyn_aimodelid.msdyn_aimodelid="cb7a1795-db22-4782-a654-573543c94f2d">
    <iscustomizable>1</iscustomizable>
  </botcomponent_msdyn_aimodel>
</botcomponent_msdyn_aimodelset>