<botcomponent_connectionreferenceset>
  <botcomponent_connectionreference botcomponentid.schemaname="cr640_skillsAgent.action.MicrosoftDataverse-Listrowsfromselectedenvironment_u4S" connectionreferenceid.connectionreferencelogicalname="cr640_skillsAgent.shared_commondataserviceforapps.shared-commondataser-83adf5fb-c72b-47ec-bb49-61011c0cd18b">
    <iscustomizable>1</iscustomizable>
  </botcomponent_connectionreference>
  <botcomponent_connectionreference botcomponentid.schemaname="cr640_skillsAgent.topic.UpdateDetails" connectionreferenceid.connectionreferencelogicalname="cr640_skillsAgent.shared_sharepointonline.40a345cf06a044658f6fe6d43aa8dc3e">
    <iscustomizable>1</iscustomizable>
  </botcomponent_connectionreference>
</botcomponent_connectionreferenceset>