<aipluginoperation aiplugin.name="msdynaip_Customprompt19092025234740_1758322096244" operationid="msdynaip_Customprompt19092025234740_1758322096244">
  <aipluginoperationexportkey>aiplugin.name=msdynaip_Customprompt19092025234740_1758322096244,operationid=msdynaip_Customprompt19092025234740_1758322096244</aipluginoperationexportkey>
  <customapi>
    <uniquename>msdyn_aibdptompt190920252347400d78d232a5424e9583dd47ebc505b990</uniquename>
  </customapi>
  <isconsequential>0</isconsequential>
  <iscustomizable>1</iscustomizable>
  <msdyn_aimodel>
    <msdyn_aimodelid>0d78d232-a542-4e95-83dd-47ebc505b990</msdyn_aimodelid>
  </msdyn_aimodel>
  <name>msdynaip_Customprompt19092025234740_1758322096244</name>
  <statecode>0</statecode>
  <statuscode>1</statuscode>
</aipluginoperation>